Order_Number,SKU,Quantity
3I54681955,1249,0
3I54681955,1233,1
3I54681955,183K,1
3I54101329,080K,1
3I54172941,154K,1
3I54172941,1294,1
3I54553631,1248,0
3I54553631,1295,1
3I54553631,1279,1
3I53617981,1247,0
3I53617981,1294,1
3I54169438,1294,1
3I54691832,20,0
3I54691832,555,2
3I53774842,1249,-1
3I53774842,1295,1
3I53774842,1233,1
3I53774842,183K,1
3I53774842,4114,1
3I53699322,1233,0
3I53699322,183K,1
3I53699322,1249,1
3I53748238,4114,0
3I53748238,1295,1
3I54002774,1249,0
3I54002774,230K,1
3I54045891,154K,1
3I54045891,1295,1
3I53700994,4114,0
3I53700994,1295,1
3I53857420,154K,1
3I53857420,230K,1
Z7G9138172,1249,1
Z7G9138172,1269,-1
Z7G9138172,1569,1
3I53808894,1247,0
3I53808894,1238,1
3I54691103,4114,0
3I54691103,1295,1
3I54691103,115K,1
3I54691103,1233,2
3I53774053,1291,2
3I53774053,1296,3
3I53774053,1233,3
3I53774053,1248,4
3I53774053,111,1
3I53774053,77,1
3I53774053,20,1
3I53774053,1295,1
3I53852617,183K,0
3I53852617,230K,1
3I53684335,4114,-1
3I53684335,1249,1
3I53684335,1569,1
3I53684335,183K,1
3I53684335,1291,2
Z7G9138172,1278,1
Z7G9138172,20,1
3I53648472,1247,0
3I53648472,183K,1
3I54230464,1249,0
3I54230464,1295,1
3I54230464,20,1
3I53734572,1249,0
3I53734572,1233,1
3I53734572,183K,1
3I54222324,154K,1
3I54222324,1238,1
3I54221897,1569,0
3I54221897,230K,1
3I54294992,4114,-1
3I54294992,1249,1
3I54294992,1233,1
3I54294992,1295,1
3I54294992,183K,1
3I54295841,154K,1
3I54295841,1294,1
3I53648472,1293,1
3I54315997,4114,-1
3I54315997,1249,1
3I54315997,1233,1
3I54315997,1295,1
3I54315997,230K,1
3I54382038,1279,0
3I54382038,1569,1
3I54450336,1233,1
3I54415962,1569,0
3I54415962,4114,1
3I54415962,1248,1
3I53504838,4114,-1
3I53504838,1249,1
3I53504838,1233,1
3I53504838,1295,1
3I53504838,230K,1
3I54575351,1294,0
3I54575351,4114,1
3I53782515,1294,0
3I53782515,183K,0
3I53782515,1569,0
3I53642742,1233,1
3I53570753,154K,1
3I53570753,1294,1
3I53853492,1569,0
3I53397297,183K,-1
3I53397297,1569,2
3I53397297,1295,1
3I53397297,1279,1
3I53397297,025K,-1
3I53397297,2865,1
3I53853492,1279,1
3I53926595,1247,0
3I53926595,183K,1
3I54341858,1247,1
3I54574669,9942,1
3I53570260,154K,1
3I53570260,1569,2
3I53570260,080K,1
3I53570260,555,1
3I53570260,115K,1
3I53570260,4114,1
3I53517055,1247,0
3I53517055,230K,1
3I54416212,1569,-1
3I54416212,4114,1
3I54416212,1248,1
3I54416212,1295,2
3I54511451,1569,0
3I53517297,154K,1
3I53517297,1238,1
3I53543789,20,0
3I53543789,183K,1
3I53602898,4114,0
3I53602898,1295,1
3I54888651,1247,-1
3I54888651,1249,1
3I54888651,1233,2
3I54888651,1291,2
3I54888651,1295,2
3I54962911,1249,0
3I54962911,1233,1
3I54962911,183K,1
3I54802696,1247,0
3I54802696,183K,1
3I54938762,154K,1
3I54938762,1296,1
3I54936712,20,0
3I54989518,4114,0
3I54989518,1295,1
3I54915246,1249,0
3I54915246,080K,1
3I55736579,1233,1
3I55736579,1293,1
3I55736579,65,1
3I55836015,154K,1
3I55836015,230K,1
3I55346140,4114,0
3I55346140,1247,1
3I55346140,1233,1
3I55346140,183K,1
3I55346627,080K,1
3I55319752,4114,0
3I55319752,1295,1
3I55835293,1249,0
3I55835293,1569,1
3I55835293,183K,1
3I54979910,1247,0
3I54979910,1296,1
3I55035008,1247,1
3I55035008,183K,-1
3I55035008,154K,2
3I55035008,1569,1
3I55035008,1293,1
3I55035008,111,0
3I55080794,1249,0
3I55080794,183K,1
3I55080794,1233,1
3I54941959,1233,0
3I54941959,4114,0
3I55080189,1294,1
3I55080189,1569,1
3I55342153,1233,0
3I55342153,183K,1
3I55342153,1249,1
3I54942394,183K,0
3I54942394,4114,1
3I54942394,1233,1
3I55084537,1569,0
3I55084537,183K,1
3I55050451,1295,0
3I55050451,1294,1
3I55050451,080K,1
3I55050451,1238,2
3I55050451,1279,1
3I55050451,4114,3
3I55050451,154K,1
3I55050451,1569,2
3I54953845,1269,0
3I54953845,1296,1
3I55283443,183K,0
3I55144601,1296,1
3I54953564,1569,0
3I54962993,4114,0
3I54962993,1295,1
3I55080258,4114,0
3I55080258,1295,1
3I55356403,4114,0
3I55356403,1295,1
3I55638872,4114,0
3I55638872,1295,1
3I55411038,1295,0
3I55411038,1248,1
3I55631737,4114,0
3I55631737,1295,1
3I55476235,1296,1
3I55551779,1233,1
3I55598844,183K,0
Z7G9205900,1247,1
Z7G9205900,4114,-1
Z7G9205900,1569,1
Z7G9205900,1294,1
Z7G9205900,1238,1
Z7G9205900,080K,1
3I55932388,1249,0
3I55932388,1233,1
3I55932388,183K,1
3I55598314,1249,0
3I55598314,183K,1
3I55598314,1233,1
3I55503359,1249,0
3I55503359,1295,1
3I55932500,1248,1
3I55932500,183K,1
3I55932500,1233,1
3I55932500,1279,1
3I55932500,1295,1
3I55932500,1249,1
3I55637630,1249,0
3I55637630,183K,1
3I55637630,1233,1
3I55694802,1233,0
3I54742661,1247,0
3I54742661,1295,1
3I54769990,1247,0
3I54769990,1291,1
3I55697982,154K,1
3I55697982,1569,1
3I55697982,230K,1
3I55697982,1295,1
3I55697982,111,1
3I54743348,1247,0
3I54743348,1238,1
3I54740322,1569,0
3I54740322,1249,1
3I54742260,1233,0
3I54742260,1279,1
3I54742260,1296,1
3I54777800,1247,-1
3I54777800,1248,2
3I54777800,183K,1
3I54777800,1569,1
3I54777800,2865,1
3I54777800,20,1
3I54777800,1279,1
3I54777800,65,-1
3I54820529,154K,1
3I54820529,230K,1
Z7G9179449,080K,0
3I54837591,1247,0
3I54837591,1291,1
3I54813581,1247,0
3I54813581,1238,1
3I54771206,1249,0
3I54771206,230K,1
3I55624584,1295,1
3I55625144,154K,1
3I55625144,1296,1
3I56899631,1248,0
3I56899631,230K,1
3I56899876,1239,0
3I56899876,1295,1
3I56877306,1249,-1
3I56877306,1239,1
3I56877306,1233,1
3I56877306,1295,1
3I56877306,183K,1
3I56876469,4114,0
3I56876469,1295,1
3I56983663,1248,0
3I56983663,230K,1
3I56987997,1247,0
3I56987997,230K,1
3I57190962,1569,0
3I57190962,183K,1
3I57430246,1249,0
3I57430246,1294,1
3I56826291,1233,0
3I56826291,183K,1
3I56826291,1247,1
3I56270370,1249,1
3I56821418,183K,0
3I56821418,1233,1
3I57467687,154K,1
3I57467687,230K,1
3I56853342,1249,0
3I56900126,1239,0
3I56900126,1238,1
3I56853387,1249,0
3I56853387,1295,1
3I56853387,1249,0
3I56853387,1295,1
3I56821418,183K,0
3I56821418,1233,1
3I56826291,1233,0
3I56826291,183K,1
3I56826291,1247,1
3I56270370,1295,1
3I56858608,1247,0
3I56858608,230K,1
3I56857929,1233,0
3I56857929,183K,1
3I56798321,1247,0
3I56798321,1238,1
3I56853342,1249,0
3I57467687,154K,1
3I57467687,230K,1
3I56810517,4114,0
3I56810517,1295,1
3I56377457,1249,0
3I56377457,1295,1
3I56270370,111,1
3I56262926,1569,0
3I56669474,1249,0
3I56669474,1569,1
3I56479653,183K,0
3I56262926,154K,1
3I56262926,1279,1
3I56484820,1239,-1
3I56484820,1295,3
3I56484820,1296,1
3I56484820,1233,2
3I56377172,1247,0
3I56377172,080K,1
3I56631655,4114,0
3I56631655,1295,1
3I56720777,154K,1
3I56720777,230K,1
3I56590587,1233,-1
3I56590587,1239,2
3I56590587,1247,1
3I56590587,1248,1
3I56590587,1291,1
3I56590587,230K,1
3I56590587,183K,1
3I57268814,154K,1
3I57268814,1247,1
3I57268814,183K,1
3I57268814,20,2
3I57261683,1279,0
3I57261683,1295,2
3I57340185,1569,0
3I56122159,1249,0
3I56122159,1291,1
3I57184305,230K,0
3I56154790,183K,1
3I56153822,1295,1
3I56182279,1247,0
3I56182279,080K,1
3I56265226,4114,0
3I56265226,1295,1
3I56269720,1296,1
3I56178419,1233,2
3I56178419,65,1
3I56178419,2865,1
3I56178419,1279,1
3I56178419,025K,-1
3I56287924,1249,0
3I56287924,1294,1
3I56333620,1296,1
3I56262926,080K,1
3I56262926,1296,4
3I56262926,1238,1
3I56262926,1294,1
3I56262926,1295,1
3I56624923,1569,0
3I56624923,1293,1
3I56826982,230K,0
3I56826982,230K,0
3I57279748,1247,1
3I57279748,183K,0
3I56109329,4114,0
3I56109329,1295,1
3I56207268,1296,1
3I56205799,4114,0
3I56205799,1279,1
3I56362257,1248,0
3I56362257,1291,1
3I56121651,1247,0
3I56121651,1295,1
Z7G9275149,1247,1
Z7G9275149,1239,1
Z7G9275149,1233,1
Z7G9275149,1569,1
Z7G9275149,1295,1
Z7G9275149,1296,-1
Z7G9275149,080K,1
Z7G9275149,1278,1
Z7G9275149,111,1
3I58040343,154K,1
3I58040343,4114,-1
3I58619176,1295,0
3I58619176,1248,1
3I58614436,154K,1
3I58614436,1279,1
3I58614436,1291,1
3I58614436,183K,1
3I58570218,1269,0
3I58570218,183K,1
3I58040343,1233,1
3I58435075,1236,0
3I58435075,1569,1
3I58435075,183K,1
3I58374818,1249,1
3I58374818,1295,1
3I58374818,1233,1
3I58406691,1247,0
3I58406691,1291,1
3I58330420,1239,0
3I58330420,1295,1
3I58292407,1233,1
3I58310423,1295,0
3I58310423,1249,1
3I58311432,154K,1
3I58311432,1238,1
3I58309607,4114,0
3I58309607,1295,1
3I58315155,230K,-1
3I58315155,1296,1
3I58315155,1248,1
3I58315155,1233,1
3I58315155,183K,2
3I58265611,1247,0
3I58265611,1233,1
3I58265611,1279,1
3I58266119,4114,-1
3I58266119,154K,1
3I58266119,183K,1
3I58266119,1236,1
3I58249294,4114,0
3I58249294,230K,1
3I58183048,1249,0
3I58183048,1295,1
3I58213832,1296,1
3I58126482,154K,1
3I58126482,1291,1
3I58040343,1295,1
3I58040343,183K,1
3I58047822,1247,1
3I58047822,1569,0
3I58515951,046K,0
3I58708686,183K,0
3I58708686,046K,0
3I57979295,154K,1
3I57979295,4114,1
3I57979295,1238,1
3I57979295,1295,1
3I57978963,4114,-1
3I57978963,154K,1
3I57978963,1296,1
3I57978963,1295,1
3I57978963,183K,1
3I57978963,1293,0
3I57978963,1569,1
3I57973436,080K,0
3I57935323,1249,0
3I57935323,1233,1
3I57935323,1295,1
3I57923732,1249,-1
3I57923732,1239,1
3I57923732,1569,1
3I57923732,1295,1
3I57824097,4114,0
3I57824097,1238,1
3I58708686,1569,0
3I58708686,1279,0
3I58746331,4114,-1
3I58746331,183K,1
3I58746331,046K,1
3I58746331,1569,1
3I58746331,1279,1
3I58747209,1248,0
3I58747209,1233,1
3I57859364,1236,1
3I57859364,20,1
3I57840103,1233,1
3I57895202,154K,1
3I57895202,1569,2
3I57895202,1295,1
3I57895202,1279,4
3I57895202,555,1
3I57895202,115K,1
3I57895202,1249,1
3I57895202,4114,1
3I57895202,1233,1
3I57895202,183K,1
3I57895202,1247,0
3I57895202,1248,1
3I57903534,4114,0
3I57903534,230K,1
3I57904807,4114,0
3I57904807,1295,1
3I57898359,1249,0
3I57898359,1239,4
3I57898359,1269,1
3I57898359,4114,1
3I57898359,154K,1
3I57898359,230K,1
3I57898359,1291,1
3I57898359,1238,1
3I57898359,080K,1
3I57898359,1294,1
3I57898359,1295,1
3I57898359,1296,1
3I57898359,1279,1
3I57898359,1569,-1
3I57662409,4114,0
3I57662409,080K,1
3I57694307,1249,0
3I57694307,1569,2
3I57694307,1295,1
3I57694307,183K,1
3I57694574,1249,0
3I57694574,230K,1
3I57696502,1238,1
3I57719046,154K,1
3I57719046,1233,1
3I57719046,1295,1
3I57719046,183K,1
3I57719046,1249,1
3I57824688,4114,0
3I57824688,230K,1
3I57733199,4114,0
3I57733199,1296,1
3I57733199,183K,1
3I57719687,1249,1
3I57719687,4114,1
3I57719687,1233,1
3I57719687,1295,1
3I57742278,1295,1
3I57786301,1569,-1
3I57786301,4114,1
3I57786301,1248,1
3I57786301,1295,1
3I57786301,080K,1
3I57785536,1236,0
3I57785536,1569,1
3I57562605,1279,2
3I57562605,2865,-1
3I57562605,1233,1
3I57595117,1249,0
3I57595117,230K,1
3I57574993,1247,0
3I57574993,183K,1
3I57575580,4114,0
3I57575580,1295,1
3I57510894,154K,1
3I57510894,230K,1
3I57525208,1249,0
3I57525208,230K,1
3I57575858,4114,0
3I57575858,1295,1
3I57525760,1247,0
3I57525760,1296,1
3I60164583,1569,0
3I60164583,183K,1
3I59911847,4114,0
3I59911847,1249,1
3I59891443,154K,1
3I59891443,4114,2
3I59891443,1569,1
3I59891443,183K,1
3I59863656,4114,0
3I59863656,183K,1
3I59863656,1236,1
3I59806098,4114,0
3I59806098,1569,1
3I59806098,1291,1
3I59806098,183K,1
3I59809570,230K,1
3I58973203,1249,1
3I58973203,1233,-1
3I58973203,111,1
3I58973203,1291,1
3I58973203,1295,1
3I59821035,4114,0
3I59821035,1295,1
3I59806098,4114,0
3I59806098,1569,1
3I59806098,1291,1
3I59806098,183K,1
3I59821531,1233,1
3I59821531,1249,1
3I59739180,1295,1
3I59739180,20,1
3I59740416,20,0
3I59740416,1295,1
3I59740416,1239,1
3I59013164,1279,0
3I59156762,1569,0
3I59156762,154K,1
3I59725883,1295,1
3I59734465,4114,0
3I59734465,1295,1
3I59643748,4114,0
3I59643748,183K,1
3I59643748,1233,1
3I59156762,1249,1
3I59218468,1569,1
3I59218468,183K,1
Z7G9329942,1247,1
Z7G9329942,1239,-1
3I59568292,1569,0
3I59574373,4114,-1
3I59574373,1569,2
3I59574373,555,1
3I59574373,1236,1
3I59574373,183K,2
3I59474398,1296,1
3I59479716,1239,0
3I59479716,1295,1
3I59494576,1569,1
3I59494576,1236,1
3I59494748,4114,0
3I59494748,1295,1
3I59440755,1296,1
3I59368724,1247,0
3I59368724,1295,1
3I59374929,4114,0
3I59374929,1295,1
3I59336475,4114,0
3I59336475,1295,1
3I59336609,154K,1
3I59336609,1295,1
3I59290158,1295,0
3I59290158,154K,1
3I59286619,1249,0
3I59286619,1295,1
3I59253882,1233,1
3I59253882,1279,1
3I59253882,025K,3
3I59253882,6,1
3I59253882,20,1
3I59253882,3123,1
3I59201367,1269,0
3I59201367,230K,1
Z7G9329942,1569,1
Z7G9329942,1291,1
3I59224120,1233,0
3I59224120,111,2
3I59224120,65,1
3I59195314,1279,0
3I59209536,1294,1
Z7G9329942,080K,1
3I59689941,4114,1
3I59689941,1249,0
3I59163971,1569,0
3I59120295,183K,1
3I59136224,1249,0
3I59136224,1295,1
3I59136962,1247,0
3I59136962,1295,1
3U02659131,1626,1
3I59055036,154K,1
3I59055036,1296,1
3I59055036,555,1
3I59055180,154K,1
3I59055180,230K,1
3I59092098,1236,-1
3I59092098,183K,1
3I59092098,1569,1
3I59092098,4114,1
3I59092098,555,1
3I59003948,4114,0
3I59003948,1295,1
3I59004158,1247,0
3I59004158,1295,1
3I59689941,183K,1
3I59022368,1236,0
3I59022368,183K,1
3I59022368,1569,1
3I59818876,1295,-1
3I59818876,1249,1
3I59818876,1279,1
3I59818876,080K,3
3I59818876,1233,1
3I58917219,154K,1
3I58917219,1296,1
3I58924476,1248,0
3I58924476,1295,1
3I58921638,1247,0
3I58921638,1295,1
3I58944469,1295,-1
3I58944469,1279,2
3I58944469,154K,4
3I58944469,1569,1
3I58944469,555,1
